id;title;description;date;location
1;Tuna integrated deposit;../fake-data/blob/hipster.txt;2023-06-27T16:12:23;Technician bluetooth
2;THX SDD;../fake-data/blob/hipster.txt;2023-06-27T08:03:16;generating
3;out-of-the-box Shoes Oval;../fake-data/blob/hipster.txt;2023-06-27T13:30:27;Tools
4;Home;../fake-data/blob/hipster.txt;2023-06-27T06:38:59;Chicken Paradigm
5;Corporate connecting up;../fake-data/blob/hipster.txt;2023-06-27T06:40:56;upward-trending Frozen
6;Checking calculate;../fake-data/blob/hipster.txt;2023-06-27T18:20:47;quantify discrete Gorgeous
7;Factors RSS maximize;../fake-data/blob/hipster.txt;2023-06-27T15:38:56;Advanced Avon
8;Lats;../fake-data/blob/hipster.txt;2023-06-27T13:07:18;green Down-sized
9;Nauru auxiliary Direct;../fake-data/blob/hipster.txt;2023-06-27T21:55:30;Team-oriented
10;Vatu;../fake-data/blob/hipster.txt;2023-06-27T13:44:02;Computer International Table
