id;title;description;date
1;Incredible;../fake-data/blob/hipster.txt;2023-06-27T08:06:31
2;Chair program;../fake-data/blob/hipster.txt;2023-06-27T05:52:56
3;Grocery Focused wireless;../fake-data/blob/hipster.txt;2023-06-27T05:44:26
4;niches panel;../fake-data/blob/hipster.txt;2023-06-27T14:43:48
5;Soft Human;../fake-data/blob/hipster.txt;2023-06-27T09:28:32
6;Chips AGP auxiliary;../fake-data/blob/hipster.txt;2023-06-27T05:55:45
7;Soft;../fake-data/blob/hipster.txt;2023-06-27T02:57:40
8;Dynamic Senior Computers;../fake-data/blob/hipster.txt;2023-06-27T22:08:57
9;SCSI navigating bandwidth;../fake-data/blob/hipster.txt;2023-06-28T00:49:25
10;syndicate Identity digital;../fake-data/blob/hipster.txt;2023-06-27T16:18:43
