id;email;message
1;Marion_Rodriguez66@hotmail.com;../fake-data/blob/hipster.txt
2;Emily.Jacobson42@yahoo.com;../fake-data/blob/hipster.txt
3;Lorena_Weber56@hotmail.com;../fake-data/blob/hipster.txt
4;Name50@yahoo.com;../fake-data/blob/hipster.txt
5;Drew8@hotmail.com;../fake-data/blob/hipster.txt
6;Danny.Schneider30@yahoo.com;../fake-data/blob/hipster.txt
7;Maia.Lockman@yahoo.com;../fake-data/blob/hipster.txt
8;Joey_Herzog2@yahoo.com;../fake-data/blob/hipster.txt
9;Landen_Rath@gmail.com;../fake-data/blob/hipster.txt
10;Tristin.Howell@yahoo.com;../fake-data/blob/hipster.txt
