id;info;content
1;Lead metrics;../fake-data/blob/hipster.txt
2;connecting incubate;../fake-data/blob/hipster.txt
3;India synthesizing payment;../fake-data/blob/hipster.txt
4;Cambridgeshire payment;../fake-data/blob/hipster.txt
5;Bypass Barbados;../fake-data/blob/hipster.txt
6;compressing Product administration;../fake-data/blob/hipster.txt
7;neural applications;../fake-data/blob/hipster.txt
8;Chair;../fake-data/blob/hipster.txt
9;Ergonomic context-sensitive;../fake-data/blob/hipster.txt
10;Dollar);../fake-data/blob/hipster.txt
