id;title;type;location;description;image_url
1;synergize throughput;Dynamic technologies overriding;Implementation virtual;../fake-data/blob/hipster.txt;Refined Markets cross-platform
2;secured Optimized maximized;generation;Licensed Granite;../fake-data/blob/hipster.txt;card object-oriented
3;Industrial;homogeneous;Integrated Refined;../fake-data/blob/hipster.txt;technologies Analyst explicit
4;alarm;Mobility;ubiquitous;../fake-data/blob/hipster.txt;Metal
5;Arizona portal;Designer;connect Market;../fake-data/blob/hipster.txt;Response
6;azure Guinea-Bissau olive;calculating Granite;Swedish e-business Jersey;../fake-data/blob/hipster.txt;Cambridgeshire
7;Account THX;SSL;Pizza Estate Frozen;../fake-data/blob/hipster.txt;Soft
8;(E.M.U.-6) Renminbi;Direct Applications;generate;../fake-data/blob/hipster.txt;RAM
9;Granite Mouse;utilisation;Plastic;../fake-data/blob/hipster.txt;calculating Directives Gloves
10;Human;Albania yellow;Kids;../fake-data/blob/hipster.txt;monitor
