id;name;content;video_url
1;driver multi-state;../fake-data/blob/hipster.txt;Ergonomic utilize Ergonomic
2;facilitate hack digital;../fake-data/blob/hipster.txt;Coordinator Avon
3;Business-focused;../fake-data/blob/hipster.txt;Operations
4;TCP;../fake-data/blob/hipster.txt;envisioneer Granite
5;interface Bacon Chair;../fake-data/blob/hipster.txt;Configuration synthesize Soft
6;Antilles cross-platform;../fake-data/blob/hipster.txt;Clothing port
7;maroon communities Rustic;../fake-data/blob/hipster.txt;Communications Anguilla
8;Global;../fake-data/blob/hipster.txt;info-mediaries
9;bus Curve;../fake-data/blob/hipster.txt;program Center utilisation
10;and;../fake-data/blob/hipster.txt;Stravenue Cotton Georgia
